Umesh,1,MG Road,Pune,412210
Andrew Holland,2,Ashley Landing,Lake Tiffanyfort,56711
Benjamin Dominguez,3,Joann Meadows,West Christinefurt,33535
Jessica Hodges,4,Scott Ports,Kimberlymouth,36696
Kendra Bennett,5,Ryan Turnpike,East Philipville,99828
Sara Wiggins,6,Victoria Villages,West Michelestad,62667
Ruth Benitez,7,Jessica Mission,Perezbury,55759
Julie Hanson,8,James Hills,Port Heather,08230
Daniel Jones,9,Gabriel Stream,South Joseph,17644
Diane Levine,10,Gomez Mount,East Wyatt,99601
Lori Huff,11,Reed Light,South Jeffreyville,88273
George Taylor,12,Richard Fields,West Angela,18500
Jennifer Cole,13,Steven Locks,Michaelport,24320
Stacy Flores,14,Logan Mountain,South Maryshire,74068
Jodi Cantrell,15,Arroyo Row,Josephland,75020
Kathleen Martin,16,Fuller Lights,South Kristin,82965
Michael Butler,17,Hess Light,Taylorland,71870
Lori Robinson,18,Ronald Overpass,East Tammyborough,85392
Omar Ross,19,Daniel Streets,Port Larry,58071
Darrell Beck,20,Ward Ferry,Mendezfurt,96364
Sean Walker,21,Wesley Mountain,North Nicole,16137
Kyle Garcia,22,Garza Grove,South Michaelland,37402
Ruth Kelley,23,Rita View,Blairstad,86792
Martin Taylor,24,Olson Glen,North Codyfort,94511
Dean Smith,25,Gerald Rue,South Johnmouth,39322
Gregory Coleman,26,Howard Alley,Bennettburgh,90008
Karen Patterson,27,Snow Knoll,East Ashley,23046
Rebecca Ayers,28,Duncan Corner,Salazartown,33866
Carla Guerrero,29,Miller Mountain,West Hannahbury,32528
Breanna Ramos,30,Wilson Streets,Kristaview,43530
Melissa Shaw,31,Daniel Mountains,Riversside,12831
April Morton,32,Golden Ridges,New Jason,87390
Emily Daniel,33,Andrew Cliff,Livingstonmouth,05367
Michelle Payne,34,Welch Loop,West Tinafurt,39411
Jennifer Smith,35,Elizabeth Viaduct,Lisaport,40083
Susan Rowland,36,Robert Roads,South Hannah,59977
Christina Tucker,37,Tyler Ford,North Jessicaberg,38294
David Macias,38,Brown Island,Port Kristin,40196
Robert Brown,39,Candice Plaza,Ariasside,06187
Cory Lynch,40,Diaz Mills,Jameshaven,75890
Tami Henry,41,Hunter Hill,South Andrew,16071
Becky Thomas,42,Hinton Summit,Stephaniebury,60349
Alicia Vance,43,Berg Course,Lopezberg,36542
Michael Walters,44,Nielsen Ridges,East Robert,92400
Samuel Torres,45,Lopez Knoll,Lake Jeremychester,90532
Kelly Garcia,46,Summers Hills,New Jacquelinemouth,42191
William Adams,47,Christina Ports,Reidtown,76542
Erica Ryan,48,Jones Key,South Brent,29118
Tammy Payne,49,Martinez Manors,West Jamie,60094
Alexander Braun,50,Daniel View,Alexanderberg,22486
Dillon Rogers,51,Perkins Mall,Lake Karenside,17353
Kendra Gray,52,Tyler Summit,Lake Rebeccahaven,26307
Catherine Douglas,53,Rose Plaza,South Sandra,95343
Marcus Scott,54,Nicholas Roads,Lake David,85899
Judy Phillips,55,Jimenez Common,Port Deborahton,85013
Reginald Farley,56,Kelsey Brook,Rebeccafurt,54087
Denise Hill,57,Zavala Field,East Deborahfort,64740
Derek Guzman,58,Smith Spring,Travistown,91303
Joshua Stewart,59,Rivers Loaf,Gregorychester,37521
Victoria Ortega,60,Green Mews,Reynoldston,25038
Christopher Garcia,61,Charles Villages,Ashleychester,07313
Alexis Walsh,62,Heather Row,Zacharymouth,76730
Katrina Mahoney,63,Joseph Oval,North Laurenborough,33671
Miranda Fuller,64,Morgan Camp,Jamesfurt,44999
Brian Carter,65,Connie Square,Seanstad,42727
Jennifer James,66,Oneal Plaza,West Codymouth,75928
Jessica Hensley,67,Perry Springs,Herringmouth,88569
Susan Smith,68,Wood Unions,Kellyborough,66420
Stephen Bridges,69,Robertson Spur,New Alvin,86483
Ariel Cruz,70,Edward Curve,Port Stevenberg,52017
Jason Burke,71,Chelsea Walk,New Thomas,92621
Joshua Davis,72,Joshua Burg,Kington,78748
Karen Tyler,73,Jacqueline Field,Pamelatown,95287
Alexander Wolf,74,Santos River,Lake Tonyachester,39020
Kevin Smith,75,Jennifer Mountains,South Sydney,56718
Virginia Valenzuela,76,Jason Neck,Wilsonport,54636
Rebecca Huynh,77,Johnson Village,Andrewberg,52663
Emily Harris,78,Rachel Harbors,North Brandon,28773
Frank Nelson,79,Robert Knoll,Wagnerstad,01861
Roger Young,80,Robert Trail,Jerrybury,72607
Samantha Wade,81,Wilson Row,Josephburgh,93763
Joshua Johnson,82,Lisa Walks,Roseburgh,80477
Lawrence Swanson,83,Werner Brooks,Lake Heather,44599
Brian Reyes,84,Phillips Island,Davidside,69296
Amy Bennett,85,Little Harbor,Lake Kelseyland,01678
Christian Perez,86,Randall Stravenue,Whitestad,57768
Cindy Day,87,Miller Cliffs,Lake Victor,67429
Christina Morgan,88,Williams Manor,Christinamouth,89275
Leah Flowers,89,Candace Turnpike,New Rebeccaview,59659
Deborah Guerra,90,Avila Ramp,Lake Ivanville,48800
Debra Murphy,91,Regina Club,Port Christopherfort,95232
John Hodges,92,Michelle Loaf,Richardfurt,73841
Anthony Clark,93,Robinson Underpass,Bruceborough,47935
Ann Baldwin,94,Sean Cove,Shieldsbury,22677
George Owens,95,Beverly Pike,North Kathleen,88411
Susan Brewer,96,Barron Plaza,East Christopher,29616
Jennifer Gardner,97,Roberts Parkways,Mclaughlinport,74844
Melissa Lopez,98,Matthew Heights,Christineburgh,34074
Rebecca Brown,99,Ruiz Point,Port Amandamouth,88965
Laurie Wilson,100,Cherry Underpass,Cheyennehaven,06616
William Gallegos,101,Carter Extension,Gregoryburgh,53631
Mr. Darrell Keith,102,John Cliffs,Davidmouth,76439
Connie Wagner,103,Patrick Place,Dayhaven,69992
Samantha Liu,104,Berry Summit,South Kimberlyfort,85658
Bryan Watkins,105,Montes Loaf,Georgeborough,64748
William Fernandez,106,Jordan Views,New Christopher,27883
Tiffany Lee,107,Jessica Road,New Sharon,38189
Theresa Thompson,108,Jenna Corners,Martinville,40425
Pamela Gregory,109,Susan Streets,Port Anna,58075
Emily Jones,110,Joshua Crescent,New Jorgeberg,48552
Kyle Ross,111,Schmidt Alley,Lake Samuel,91332
Tina Franklin,112,Whitehead Forges,Jacksonfurt,25344
Deborah Brock,113,Deanna Overpass,Davisstad,28603
Donna Benton,114,Jennifer Camp,Heatherfort,32344
Nancy Austin,115,Oneill Land,Victoriafurt,59072
Caroline Ellison,116,Sean Extension,Port Trevorbury,98254
Jennifer Salinas,117,Lonnie Ports,North Chelsea,42896
Darlene Miller,118,Huang Roads,Mezastad,75919
Heather Mclaughlin,119,Ariana Estate,Weisston,87301
Lauren Thomas,120,Karen Isle,Port Chad,80731
Tina Lucas,121,Erica Viaduct,Lake Richard,34313
Joe Wilson,122,Jones Oval,Staceybury,65444
Joseph Ramos,123,Stephanie Spurs,Samanthafurt,77941
Amber Brown,124,Green Ridges,Seanton,51720
Lauren Ferrell,125,Amy Curve,Port Beckyfurt,26490
Morgan Estrada,126,Ryan Squares,Michaelmouth,94505
Kimberly Hudson,127,Steve Prairie,Jessicaview,03785
Donna Garcia,128,Matthews Street,Nicoleville,37304
Michael Brown,129,Jessica Stravenue,North Reneeborough,68267
John Jackson,130,Jones Divide,West Brooke,74998
Jennifer Rubio,131,Davis Dale,Port Bonnieview,40944
Emily Hendricks,132,Morrow Wells,Lake Rebeccabury,81192
Robert Johnson,133,Love Track,Port Brandon,33719
Cameron Mullins,134,Garcia Harbors,East Lisafort,43515
Brian Mccann,135,Cody Orchard,New Rebecca,43610
Tracey Garcia,136,Nicholas Port,Nguyenborough,01231
Joshua Lawson,137,Alexander Throughway,Port David,62482
Sarah Peters,138,John Plaza,West Hannah,92193
Raymond Maldonado,139,Kevin Shoal,West Nathanhaven,12719
Ashley Wilson,140,Marsh Shoal,North Neil,77959
Scott Moore,141,Smith Land,Christopherburgh,53987
Timothy Jones,142,Jeffrey Gardens,Rodneymouth,86128
Christopher Mitchell,143,Mullins Islands,North Jason,79929
Cindy Garcia,144,John Villages,Tyroneton,42980
Jonathan Hall,145,Liu Curve,Elliottland,89134
Amy Hall,146,Jason Villages,Millermouth,89509
Ricardo Steele,147,Robert Manor,North Monica,62373
Scott Ramsey,148,Martinez Orchard,Anthonymouth,30804
Kevin Roberts,149,Johnson Branch,Smithfurt,40164
Nicole Rowe,150,Morgan Heights,Port Amyview,86371
Charles Walters,151,Parker Drive,Wallacestad,79587
Andrew Hall,152,Stacey Center,Lake Alexanderburgh,51509
Randy Huynh,153,Eric Corners,Port Tracychester,67493
Lisa Thomas,154,Tyler Street,South Allison,38398
Christopher Scott,155,Christina Glen,Solomonville,73315
Elizabeth Foster,156,Harding Rapid,North Stuart,14389
Danielle Wood,157,Caroline Ramp,Williamsbury,03181
Crystal Nunez,158,April Extension,Vegaberg,14724
Kevin Lin,159,Valencia Knoll,West Catherine,91898
Jacqueline Wade,160,Michael Mountain,Johnsonstad,06539
Jonathan Schroeder,161,Rodney Stream,South Ann,42244
Tanya Perez,162,Butler Cape,South Teresa,26794
Kaitlyn Hamilton,163,Benjamin Parkways,South Cameronmouth,79370
Keith Craig,164,Lucero Hills,South Jesse,12475
Joy Matthews,165,Christian Cliff,West Pamberg,87036
Penny Reynolds,166,Daniel Drives,Duncanville,81590
Mr. Troy Kane,167,Paul Fields,Joseview,12807
Frederick Mitchell,168,Davis Crossing,Tylerborough,55076
Joel Phillips,169,Megan Cliff,Brianchester,58687
Kevin Martinez,170,Stein Drive,Joshuamouth,15487
Kimberly Adams,171,Rick Crossroad,Johnsontown,87385
Kimberly Moon,172,Terry Port,Port Jesse,13581
Chad Cohen,173,Brittany Drives,North Carolyn,28351
Mrs. Heather Anderson,174,Bailey Falls,Charlesmouth,89063
Bailey Lopez,175,Katherine Centers,Lake Amber,96800
Jared Thornton,176,Amanda Rest,Lake Crystalberg,03218
Chad Kaufman,177,Smith Ridges,North Aprilshire,86297
Christina Schneider,178,Munoz Well,North Denise,58481
David Diaz,179,Harding Trail,Deanland,62677
Sarah Jimenez,180,Snyder Divide,Reginastad,79059
Laura Morse,181,Miranda Inlet,Janetbury,04314
Janet Turner,182,Tara Lights,East Cody,25032
Tammy Nichols,183,David Common,Hughesland,96467
Kylie Navarro,184,Payne Parkways,East Debramouth,31424
Crystal Mcmahon,185,Anthony Motorway,West Brandonberg,34086
Carol Hoover,186,Jones Camp,East Donaldmouth,77024
Victoria Wise,187,Justin Plains,Krystalborough,43893
Monica Bowen,188,Little Hills,West Sarah,92259
Lori Carter,189,Bass Land,Angelaside,46231
Travis Dougherty MD,190,Jonathan Burg,Jaclynshire,78025
Terrence Lloyd,191,Young Ford,Howardside,56364
Randall Ball,192,Chen Creek,North Andrew,02787
Rebecca Lutz,193,Glass Junctions,Nicoleville,77740
Stacey Mcknight,194,Haynes Place,South Matthewmouth,53999
Kim Smith,195,Ward Park,Fernandezport,94012
Amber Villegas,196,Johnson Square,North Jennifermouth,47454
Nancy Wilson,197,Tiffany Orchard,Brandonland,97737
Kurt Gamble MD,198,Benjamin Trace,West Melissaton,96513
Brenda Griffith,199,Shepard Via,Vanessamouth,23933
John Zimmerman,200,Tina Extensions,Charlesborough,77055
Rachel Leblanc,201,Bryan Pass,Ryanbury,89691
Kathleen Cooper,202,Mathews Falls,Erikville,70659
Hannah Peterson,203,Amy Crossroad,Jodifort,00554
Joseph Wells,204,Joseph Isle,Port Sylvia,60521
Brenda Humphrey,205,Taylor Orchard,Floresberg,37011
Jessica Hardy,206,Melissa Rue,Johnsonside,82132
Bradley Salas,207,Johnson Ridges,Mayston,42109
Jason Freeman,208,Misty Loop,North Wendy,62284
Jason Thompson,209,Melissa Ridges,Kevinshire,43033
Amanda Brown,210,Amanda Run,Jacobsfurt,32786
Laura Armstrong,211,Robinson Hill,East Jennifer,69254
Timothy Lamb,212,Gomez Harbor,North Rebecca,74422
Ryan Morrison,213,Davis Station,North Bonniechester,23049
Ryan Allen,214,Anthony Prairie,Ericksonhaven,87727
Robin Love,215,Adams Drive,Kaitlyntown,45581
Casey Sanchez,216,Gabriela Track,North Kimberlyburgh,99737
Martha Smith,217,Rocha Courts,North Debraborough,85152
Leslie Wyatt,218,Michael Island,Royland,53143
Taylor Thomas,219,Hess Ville,West Jeffrey,70516
Amanda Marshall,220,Washington Ferry,North Richard,67717
David Williams,221,Samantha Mountain,Harriston,76434
Tracy Shaw,222,Elizabeth Key,South Victoria,88750
William Lowery,223,Delgado Unions,South Fernando,02809
Crystal Johnson,224,Christopher Lodge,North Christinaville,07442
Jason Barker,225,Paul Knoll,West Jasonland,02588
Alejandra Adams,226,John Bridge,Baileyville,12242
Laura Sanchez,227,Jared Trail,Port Melissa,55540
Jose Guzman,228,Michael Road,Crystalchester,66389
Jason Williams,229,Harvey Lodge,Newmanborough,18874
Karen Jordan,230,Kristen Rapids,Kennethtown,43860
Matthew Lee,231,Walsh Bridge,Lake Douglas,34809
Kevin Powers,232,Nicholas Forest,Christinafurt,06069
Jeffrey Hernandez,233,Moreno Course,East Allison,48427
Jose Rivas,234,Adams Ferry,Lake Heathermouth,06298
Bryan Diaz,235,Stewart Overpass,Wardfort,43432
Erika Smith,236,Adam Corner,Roseview,09812
Mr. Thomas Daniels,237,Trevor Lake,Port Melissa,48399
Melissa Williams,238,Howell Drive,North Alexander,23954
Nicole Estes,239,Jordan Manors,Lucasside,06245
Anthony Garcia,240,Lauren Corner,Katherinebury,49125
Douglas Bautista,241,Campbell Curve,North Markside,98848
Melanie Smith,242,William Cove,Port Felicia,38262
Brandon Wiley,243,Graham Ville,South Jacob,62354
Brandon Mendez,244,Bradley Summit,North Jonstad,21990
Roberto Smith,245,Erika Camp,North Elizabethmouth,48516
Tonya Young,246,Heather Mills,West Ryanburgh,66962
Daniel Harris,247,Brown Prairie,Johnsonport,70938
Donna Logan,248,Wallace Fields,New Susanberg,13709
Gerald Wright,249,Ruth Alley,Brendastad,35378
Robin Turner,250,Alejandra Walk,Lake Catherinefurt,11497
Ryan Mckee,251,Andrea Ways,West Andrea,65702
Timothy Mclaughlin,252,White Hill,Maryfort,84344
James Moses,253,Whitaker Inlet,Maldonadoshire,13467
Sheila Lane,254,Cox Village,Port Miranda,38083
Rickey Hooper,255,Sarah Cliffs,Lake Adam,04888
Kelly Johnston,256,John Overpass,East Tracyberg,80320
Matthew Gomez,257,Brandon Avenue,Kennethville,93932
Alexander Jones,258,Sanders Junctions,Cassandraport,29546
Matthew Hill,259,Brian Spurs,Aguilarbury,64506
Thomas Woodard,260,Murray Locks,New Charles,85981
Heather Bonilla,261,Watson Junctions,Cindyside,72866
John Nelson,262,Mary Rue,Levyland,23633
Michael Green,263,Kelly Vista,Rangeltown,17320
Jack Fisher,264,Brown Drives,North Vanessa,39904
Amber Stevenson,265,Monica Trail,New Johnton,15025
Kenneth Arias,266,Anthony Fork,South William,50984
Michelle Robinson,267,Erin Curve,Brookemouth,89613
Andrea Roach,268,Nicholas Underpass,West Stephen,05365
Paul Barnes,269,Brian Union,North Tina,49588
Mark Ward,270,Oscar Pike,New Leslieburgh,70695
Jennifer Burch,271,Gilmore Light,Sanchezland,84102
Gloria Garcia,272,Johnson Dam,Port Jesusmouth,97381
Evan Gonzalez,273,Goodman Curve,West Angelaberg,37126
Katherine Farmer,274,Michael Street,Port Jamesburgh,22980
Katherine Barron,275,Martha Ports,South Robert,28226
Jessica Castillo,276,Jackson Port,Port Sherrishire,39296
Steven Jackson,277,Todd Mountain,Lake Alexander,87882
Fernando Davis,278,Amber Garden,North Tracy,80807
Michelle Bush,279,Phillip Haven,North Richardhaven,86330
James Mccormick,280,John Estates,Braybury,39863
Roger Haley,281,Coleman Neck,Christopherton,84251
Cameron Butler,282,Donald Pine,Yoderside,43957
Jacqueline White,283,Karen Knoll,South Walter,68605
Ryan Thompson,284,Debra Vista,New Patricia,27847
Edward Clark,285,Wanda Forest,East Samantha,53052
Michael Bryant,286,Morgan Rue,New Joystad,72608
Carl Gonzalez,287,Ashley Radial,Wilsonchester,21229
Abigail Chandler,288,Kathryn Creek,New Taraport,99617
Megan Matthews,289,Roy Trail,Cynthiaville,13221
Carrie Goodwin,290,Sarah Avenue,Elizabethberg,12508
Victoria Reynolds,291,Stone Lake,Kennethmouth,36280
Adriana Sims,292,Samantha Extension,Lake Kevinmouth,13600
Erica Clark,293,Patrick Dam,Maryburgh,56787
Kaitlyn Castillo,294,Mayer Extension,Lake Benjaminborough,47017
Jason Dominguez,295,Matthew Crossing,Michellestad,40085
William Miller,296,Haney Point,Reynoldsbury,25282
Katherine Mccoy,297,Hughes Viaduct,New Garyside,47531
Darlene Davis,298,Oliver Roads,Wallsbury,34646
Joseph Duncan,299,Darrell Neck,West Kyletown,85705
Jonathan Jones,300,Doyle Falls,Port Tylertown,89541
Jasmine Foster,301,Judy Station,New Cindy,43705
John Johnson,302,Rebecca Mount,Port Patrickside,52884
Jon Mitchell,303,Michael Locks,Donaldsonborough,18183
Isaiah Smith,304,James Light,Brandichester,85336
Anthony Hansen,305,Donna Rapids,North Kristamouth,20601
David Davis,306,Spencer Views,East Victoriaberg,90739
Elijah Richards,307,Richard Inlet,Guerreroburgh,14309
Christopher Scott,308,Sara Lodge,Lewiston,33962
Jeremiah Owens,309,Garcia Plaza,Port Nancyshire,74443
Sarah Stewart,310,Padilla Junction,East Carlosside,84413
Matthew King,311,Jessica Lodge,Lake Teresa,26835
Nathan Miller,312,Brown Stream,Christopherhaven,09807
Mary Williams,313,Hammond Spurs,Evansville,41989
Jason Stevens,314,Shaw Mission,Austinside,15730
Jenna Morris,315,Simpson Crescent,North Danielmouth,38682
William Marsh,316,Snyder Terrace,Smithport,15473
Eric Mendez,317,Dana Roads,Kayleefort,86912
Alison Richardson,318,Stevens Inlet,Andersenmouth,53074
Carrie Owens,319,Sawyer Village,Colemanstad,34509
Vanessa Martinez,320,Gail Corners,Andersonstad,74544
Roger Bishop,321,Stone Lane,Allenton,62399
Johnny Santos,322,Taylor Courts,Gillespiebury,89304
Billy Mcdaniel MD,323,Jennifer Extension,Nicholasburgh,95734
Jesse Crosby,324,Anderson Prairie,Nancyburgh,80210
Ian Collins,325,Lynch Common,South Leahville,10489
Sydney Baxter,326,James Canyon,North Thomasborough,77013
Shane Johnson,327,Parker Rapids,New Christina,92691
Janet Malone,328,Davis Mountain,Sallyville,74399
Julie Gonzalez,329,Maria Springs,East Tammy,87574
Kathryn Jackson,330,Berry Forks,South Amber,41901
Nicholas Becker,331,Taylor Shore,Kristinmouth,93204
Sophia Anderson,332,Matthew Corners,West Amy,39467
Brittany White,333,Billy Route,New Amanda,30522
Mark Ross,334,William Squares,Floresside,05107
Matthew Murphy,335,Wright Roads,Lake Josephton,75535
David Schneider,336,Reed Park,Port Anthony,19186
Jasmin Mcdonald,337,Escobar Ville,East Julieberg,18694
James Porter,338,Sean Knoll,West Ralphport,67950
Alexis Joseph,339,Gary Crossroad,Browntown,75875
Kelly Cruz,340,Giles Pike,East Melissaville,71284
Laura Flores,341,Eric Brook,Dennisshire,83464
James Wells,342,Amy Track,Saraville,63480
Erika Ortiz,343,Brian Highway,Lindashire,32803
Dustin Quinn,344,Davis Spurs,Joelmouth,13396
Nancy Mcpherson,345,Wilson Plains,Port Anthonyland,79232
Tina Little,346,Reynolds Avenue,New Jeffrey,64281
Victoria Tapia,347,Natasha Oval,Codyside,47929
Bradley Lane,348,Troy Branch,Amyville,81030
Traci Wallace,349,Steven Extension,Port Cameronville,77617
Jackson Brooks,350,Turner Neck,East Josephbury,09196
Meagan Fernandez,351,Morrison Shores,Leeside,95311
Jordan Leach,352,David Falls,Lake Amandamouth,68632
Austin Norman,353,Adam Mountains,East Teresatown,96725
Patricia Stone,354,Curtis Lodge,South Paulville,37573
Dawn Singh,355,Powell Groves,Shorthaven,35176
Willie Evans,356,Sean Prairie,Danielville,49901
Donna Bennett,357,James Islands,West Michaelhaven,40870
Jessica Cain,358,Micheal Shoal,North Melissahaven,82137
Paul Brown,359,Breanna Roads,West Joy,03634
Michael Johns,360,Edward Walks,East Aaronberg,97147
Nicole Wagner,361,Bates Dam,Jenkinsland,21911
Thomas Black,362,Jessica Plain,Youngview,78596
Jeremy Porter,363,Omar Station,Rushtown,89912
Christopher Fox,364,Elizabeth Tunnel,Mariechester,08020
Timothy Miller,365,Robert Mountain,Royberg,46075
Sara Molina,366,Klein Fall,Bryantport,89252
Jerome Wheeler,367,Williams Rue,South Amber,28602
Lacey Wagner,368,Griffin Lodge,Lake Darlene,33925
Jillian Moore,369,Jacobson Key,Harrisonfort,57566
David Payne,370,Webb Hills,South Daniel,85935
Roger Johnson,371,Zavala Valleys,West Scott,71096
Mark Thompson,372,Wade Trafficway,West Jeffery,29107
Tracy Lawrence,373,Perry Lights,South Williammouth,37719
Sharon Harvey,374,Ward Road,Shannontown,02778
James Park,375,Brett Shoal,South Ashley,15377
Patricia Hernandez,376,Benitez Canyon,Hensleyview,07138
Tracey Mullins,377,Ramirez Dale,Sheilaview,97546
Stephanie Brown,378,Reeves Turnpike,Richmouth,07555
Stephen Allen,379,Williams Forks,North Elizabeth,72071
Jose Lewis,380,Michael Bypass,West Anthonyton,37864
Madison Barrera,381,Griffin Mountains,Port Makayla,14858
David Smith,382,Jordan Cliffs,Stewartstad,07941
Krista Salas,383,Leon Estates,New Lisaside,51527
George Fisher,384,Owens Park,East Joshua,77155
Lisa Alexander,385,Bray Manor,New Scottfurt,56656
Steven Bautista,386,Jose Knoll,Thompsonfort,02478
Lori Torres,387,Holden Crescent,Port Scott,40128
Henry Martinez,388,Thomas Mountains,Port Sherrytown,55779
Jasmine Jacobs,389,Jessica Plain,East Kristenland,45352
Jesse Wilson,390,Christina Garden,South Denise,60382
Darren Daniels,391,Jackson Summit,Ellisview,75494
Jose Preston,392,Miguel Tunnel,Munozmouth,08424
Mitchell Anderson,393,Carrie Estates,Dylanstad,44615
Timothy Bailey,394,Amy Spurs,South Stephanieview,83854
Frank White,395,Natasha Spring,Torreshaven,61655
Tammy Marquez,396,Underwood Hill,Gabrielborough,53782
Justin Mitchell,397,Moore Wall,New Zachary,68692
Gina Garcia,398,Dana Creek,East Aaron,68939
Mitchell Lucas,399,Jonathan Course,Port Kristophershire,16923
Joel Russell,400,Arnold Street,Lake Raymondland,43692
Taylor Moody,401,Baxter Island,Rogersberg,85494
Zachary Farmer,402,Robert Courts,East Iantown,28673
Tina James,403,Sergio Lake,New Brandon,70043
Sally Lynch,404,Massey Wall,Pamelaport,95973
Charles Ramirez,405,Heather Ports,Eugeneland,69550
Martha Martinez,406,Finley Lakes,Cynthiamouth,12287
Christopher Vance,407,Lisa Hollow,North Mark,40865
Martin Beck,408,Boyle Land,Lake Danielshire,35949
Margaret Orr,409,Michael Spur,East Ashleeburgh,37116
Shannon Marquez,410,Weaver Glens,Suttonberg,66464
David Maynard,411,Richardson Gardens,Alexandershire,61008
Lance Johnson,412,Reyes Square,Hudsonstad,66688
David Cole,413,Chloe Rest,Lake Briana,93540
Ashley Odom,414,Jennifer Square,Danielmouth,03428
Christina Cooper,415,Heather Lock,North John,82720
Daniel Davis,416,Caldwell Brook,Port Gabrielletown,11694
Samantha Torres,417,Sherman Ville,Ericashire,45170
John Lynn,418,Angela Club,West Carrie,70409
Kimberly Silva,419,Brittany Corner,West Joseph,83913
Cody Wang,420,Dawson Islands,Hollandbury,10311
Linda Evans,421,Randy Pass,Taylorberg,06361
Tyler Evans,422,Stephen Turnpike,South Toddchester,97243
David Brown,423,Joseph Corners,North Jennifer,86554
Deanna Phillips,424,Navarro Rapids,Lake Jasonland,21652
Abigail Henry,425,Kevin Ford,Lake Benjaminfurt,33371
Pedro Davis PhD,426,Melissa Manor,Port Johnstad,35167
Lauren Willis,427,Bennett Ridges,Hillfurt,16352
Kelly Munoz,428,Julie Land,Lisaville,70119
Jonathan Wright,429,Phillips Dale,Frazierborough,78292
Leah Sparks,430,Ashley Forges,East Jacqueline,69533
Suzanne Hall,431,Monica Islands,Williamtown,59767
Mrs. Sara Klein DVM,432,Joshua Mountain,Jenniferfurt,65494
Mr. Albert Williamson,433,Stephanie Corners,South Phillip,60319
William Lowery,434,Bell Course,Austinshire,11655
Tamara Shaw,435,Nancy Curve,New Michelle,01307
Ashley Martinez,436,Kenneth Station,East Danielburgh,75901
April Meyer,437,Baker Canyon,Huberbury,59818
Gary Henry,438,Fuller Coves,Port Tarafurt,23221
Shawn Wright,439,Park Creek,North Matthew,19418
Jasmine Wells,440,Daniel Station,Lake John,89914
Jody Howard,441,Ethan Mall,Elizabethburgh,30261
Nathan Salinas,442,Kevin Key,Ashleyberg,59820
Jaime Thomas,443,Moreno Forks,Patriciaberg,00969
Joe Garrison,444,Kristy Lake,Grahammouth,21149
Henry Bailey,445,Matthew Island,West Jayfort,80319
Brian Gray,446,Jorge Manors,Collinschester,16935
Nicole Tate,447,Heather Mall,Whiteshire,57446
Jennifer Edwards,448,Amy Junctions,Amberburgh,03872
Austin Gray,449,Edward Extension,Glenstad,82993
Brandon Simpson,450,Wilson Roads,Josephside,51730
Destiny Gallagher,451,Mitchell Squares,Jessicaview,21889
Stacey Goodwin,452,Rachel Brook,Port Maria,70462
Michael Gross,453,Bullock Square,North Davidport,25801
Kevin Perez,454,Vincent Islands,Katherineview,90068
Jacob Glass,455,Weaver Ports,North Ryanview,48395
Wayne Evans,456,Mercado Lakes,Alvaradotown,61847
Lisa Walker,457,Jessica Mountains,Samanthatown,97653
Jean Keith,458,Patrick Isle,Port Janice,71410
Morgan Neal,459,Paula Alley,Sarahborough,45988
Cynthia Williams,460,Michael Roads,New Victoria,47098
Timothy Collins,461,Shawn Shore,Shieldston,81234
Mary Morton,462,Taylor Drive,Youngstad,59719
Darrell Turner,463,Stanton Roads,Whitestad,74732
Regina Harrison,464,Contreras Prairie,Karenborough,08592
Shelley Singleton,465,Kristen Glens,Ruizfurt,89477
William Dixon,466,Jacobs Ports,New Jasmineborough,74848
Danielle Chambers,467,Beck Cove,North Tonya,74214
Jay Colon,468,Nicole Run,East Valerieville,26441
Ryan Sanchez,469,Gregory Dale,Mendezton,08735
Terri Johnson,470,Eric Hill,New Teresahaven,51563
Cristian Haynes,471,Donald Center,North Jonathan,32492
Lisa Mendoza,472,Morrison Prairie,New Amandaside,12077
Madison Manning,473,Kaitlin Vista,Leslieview,73031
Katelyn Burns,474,James Mall,Lauraville,40470
David Jacobs,475,Pamela Hill,Lake Philip,12195
Johnny Luna,476,Kristy Neck,East Nathanbury,97780
Gloria Fox,477,Garcia Court,Kevinmouth,93758
Elizabeth Dominguez,478,Joanne Viaduct,Port Haileytown,65118
Donald Ortiz,479,David Views,Port Christopher,43388
Kristen Pruitt,480,David Mill,Smithborough,38578
Alyssa Welch,481,Tyler Groves,East Catherineburgh,60556
Kyle Ramos,482,Wheeler Glen,Meganfort,81450
Travis Huffman,483,Susan Mountain,West Rebecca,29630
James Choi,484,Lori Loop,West James,01886
Maria Downs,485,Castro Island,Horneport,39873
Barbara Jacobs,486,Richard Centers,Andersonberg,42500
Jason Sullivan,487,Mills Forks,Weissport,08636
Mary Lee,488,Guerra Bypass,Robertburgh,59139
Timothy Massey,489,Joseph Cove,East Jorge,19758
Robert Wright,490,Johnson Route,Nicoleview,94561
Tracy Jones,491,Peter Isle,Port Stephanie,48478
Mr. David Conner,492,Kathleen Cove,North Jamie,17639
Brandon Flores,493,Donna Pass,Shahhaven,97401
Shannon Wright,494,Schroeder Villages,Bushborough,19820
Mr. Cameron Kelly PhD,495,Eric Overpass,Dustinside,38839
Kendra Esparza,496,Blankenship Spur,Port Teresa,29391
Lori Perkins,497,Zachary Parkway,North Judyland,92728
Brandon Lee,498,Williams Walk,West Tammy,40428
Troy Smith,499,Perez Rue,East Normanberg,49992
Rachel Jordan,500,Brooks Inlet,New Anthony,22491
Angel Barnes,501,Lisa Walks,Amyville,83173
Ashley White,502,Rodriguez Forest,Joshuafurt,61327
Paul Salazar,503,Brown Shore,Lake Amy,67630
Natalie Mcclain,504,Norman Shore,Robertton,95172
Holly Turner,505,Marissa Glens,Valerietown,38291
Gina Ferrell,506,Christopher Estates,Jamesshire,81779
Charles Swanson,507,Timothy Brook,Williamchester,31164
Ronald Evans,508,Lopez Garden,North Hollybury,94680
Jacob Moore,509,Raymond Hills,Lake Heidifurt,34623
Alicia Wilson,510,John Freeway,Lake Kristina,10337
Holly Chambers,511,Kevin Islands,Joshuaville,57537
William Lyons,512,Eric Mall,Cookfort,05407
Susan Stewart,513,Lori Hills,Garyville,52480
Vincent Cain,514,Salinas Centers,South Denisestad,65858
Jimmy Solis,515,Brown Causeway,East Madelinechester,97875
Michelle Cole,516,John Knoll,Briantown,05724
Joseph Combs,517,Pugh Ranch,West Yvonneborough,31335
Rhonda Brown,518,Miranda Vista,Scottfurt,62593
Cynthia Wright,519,Joshua Pines,Alvarezfurt,43935
Dr. Kevin Wilson,520,Allison Mills,West Ashleyberg,00621
Sheila Rowe,521,Kristin Orchard,New Thomas,31481
Jessica Martinez,522,Martinez Plain,Lake Sheila,54669
Amanda Rodriguez,523,Terri Expressway,Chambersside,41836
Christopher Smith,524,Scott Walks,Johnland,71656
Edward Romero,525,Rachel Squares,West Tracyland,13893
David Williams,526,Johnson Square,Rileyport,26191
Courtney Robinson,527,Jessica Parks,West Donaldborough,65029
Maureen James,528,Thornton Park,Moniqueshire,85235
Jennifer Larson,529,Phillips Park,Lake Kennethshire,80859
Anthony Hahn,530,Butler Springs,Cristinaland,86258
Stacy Decker,531,Ralph Island,Haileymouth,04367
Erin Stewart,532,Timothy Manor,Larsonfurt,67234
Bradley Griffin,533,Hicks Shoals,East Annbury,69269
Tina Salas,534,Brown Ridge,Martinezton,95170
David Hanson,535,Michael River,Port Jacquelineview,07787
Preston Rodriguez,536,Sims Drives,Lake Danielville,74009
Todd Horton,537,Jon Hill,Reedfort,51264
Molly Villegas,538,Billy Stream,North Brandonfort,91592
Kevin Farley,539,Steven Highway,Davisburgh,60861
Amy Spears,540,Joseph Light,Lake Tanyaville,78065
Brandon Clark,541,Stacy Knoll,Port Joelborough,46558
Kerry Hill,542,Victoria Locks,East Carolchester,48118
Michael Spencer,543,Reeves Bypass,Kochbury,65082
Amy Stokes,544,Austin Summit,Davidland,05464
John Reed,545,Hannah Route,Foleymouth,86861
Dylan Davis,546,Charles Field,Lake Craigberg,54001
Jasmine Peterson,547,Rachel Mission,East Heatherburgh,29521
Jared Howard,548,Peter Trafficway,Martinezfurt,76708
Mr. Bruce Harvey,549,Richardson Ridge,North Lisa,40246
Jonathan Smith,550,Miller Spurs,Port John,62050
Carrie Lucas,551,Johnson Street,West Williamtown,41958
Thomas Price,552,Jordan Extension,Catherineborough,17961
Micheal Diaz,553,Lynch Points,New Amberberg,92138
Francisco Flores,554,Spencer Motorway,Jennifermouth,80617
Nicole Smith,555,Watson Ports,Tylerport,41892
Jacob Lopez,556,Chavez Island,Jamesmouth,76780
Alicia Simmons,557,Clark Parks,Alvarezbury,06647
Kelly Lee,558,Eaton Estate,Sharonborough,78964
Marcia Brown,559,Cooper Shores,Robertsonshire,72914
Willie Clark,560,Bailey Creek,Leemouth,87415
Michael Mcdonald,561,Robinson Mountains,East David,01734
Nicholas Campos,562,Kerr Islands,Larryberg,88240
Joshua Cooper,563,Michael Knoll,South Sarah,91116
Emily Parks,564,Shannon Squares,East Rodney,76494
Donald Bolton,565,Holmes Highway,Lake Emilymouth,14744
Teresa Reese,566,Chase Plain,Miketon,52463
Eugene Williams,567,Erin Passage,West Andrew,77934
Joseph Pennington,568,Mary Creek,Lake Pamelaborough,67897
William Montes,569,Aaron Fort,Markmouth,39243
David Bennett,570,Benjamin Valleys,East Janet,90863
Lisa Fuller,571,Jessica Radial,Hernandezfurt,77409
Joshua Scott,572,Terry Vista,North Nancy,38604
Becky Santiago,573,Patricia Lock,West Mathew,76372
Morgan Young,574,Carol Drive,Cantuport,89685
Anthony Butler,575,Molly Islands,East Cody,75494
Ashley Robinson,576,Woods Trace,Charleston,17439
Michael Mcgee,577,Shannon Grove,South Teresashire,16174
Nicole Clark,578,Petty Estate,Lake Richard,75679
Charles Ho,579,Benjamin Shore,Griffinburgh,08159
Michael Ferguson,580,Christopher Summit,Krausefort,99766
Christopher Diaz,581,Murphy Falls,Burkeville,54241
Jessica Stephens DDS,582,Eric Mews,Laurieland,29205
Steve Mercado,583,Brooks Highway,Anthonymouth,48192
Michael Anderson,584,Bass Islands,Lake Jenna,54600
Jason Levy,585,Matthew Route,Lake Donald,57893
Kevin Thomas,586,Wright Field,Hannaton,76381
Dr. Marc Bailey Jr.,587,Brown Overpass,South Janet,18863
Latasha Stewart,588,Brandon Island,Sheltonton,79271
Miguel Thomas,589,Sara Camp,Amyside,08479
Robert Harrington,590,Harmon Wall,Johnside,88904
Kaitlyn Stewart,591,Howell Harbor,Port Danashire,73105
William Lopez,592,Jonathan Lodge,New Anthonyfort,99216
Bryan Norris,593,Greg Lodge,Victoriafurt,24820
Ryan Moore,594,Koch Glen,Port Ethanchester,29598
Gregory Novak,595,Kyle Flats,New Cassandra,14525
Shannon Simpson,596,Angela Prairie,Wareport,44964
Sara Bishop,597,Herring Neck,West Rickyview,73003
Jennifer Smith,598,Shelton Street,North Aaron,97053
Melissa Jackson,599,Kathleen Trafficway,Laurafurt,00545
Kathy Santiago,600,Elizabeth Ville,West John,27067
John Rodriguez,601,Joseph Rest,Amandachester,96559
Jose Gonzalez,602,Cantu Square,Codymouth,97706
Aaron Collins,603,Timothy Passage,Port Kayla,71037
Jesus Berger,604,Joshua Crescent,Hatfieldview,72380
Jessica Diaz,605,Kent Freeway,West Amanda,56595
Beth Perez,606,Bonnie Island,Lake Tina,05169
Melissa Stone,607,Jaime Plaza,Masonstad,20348
Stacy Parker,608,Monica Camp,East Lisaburgh,72225
Alexander Watson,609,Pratt Bridge,Davidstad,92013
Kaitlyn Cunningham,610,Cruz Park,South Diana,76939
Christopher Martinez,611,Woods Trail,New Amandamouth,48567
Ryan Paul,612,Wilson Center,Mikaylaborough,54628
Lisa Lucas,613,Andrew Causeway,Chloefurt,57209
Mary Gamble,614,Michael Lights,New John,71221
Peter Mahoney,615,Todd Cape,West Lindaberg,01028
Donald Jones,616,Christopher Mission,Port Kaylaview,20447
Monica Moore,617,Daniel Stravenue,East Christopherborough,52602
Maria Anderson,618,Cheryl Manor,East Ebony,20258
Tim Gilbert,619,Cole Summit,Holmesmouth,65504
Gregory Sellers,620,Ashley Crossing,Margaretside,45212
Gwendolyn Colon,621,Peter Ranch,Port Scott,03335
Theresa Bell,622,Kirby Passage,East Melissaburgh,83941
Jacob Johnson,623,Phillips Run,East Mia,56820
April Patel,624,Cole Shoals,West Kenneth,86008
Michael Ford,625,Brett Key,West Vickie,93694
Jonathan Murillo,626,Williams Union,West Ericfort,09517
Matthew Miles,627,Teresa Neck,Stevestad,58823
Julia Villa,628,Collin Road,North George,20734
Nicholas Schmidt,629,Oconnell Loop,New Joseph,63079
Catherine Schultz,630,Jason Island,Jamesborough,71734
Eric Bonilla,631,Justin Knoll,New Christopherville,61036
Monica Adams,632,Becky Ville,Port Nicholasfurt,15797
Larry Romero,633,William Drive,Dodsonshire,66272
Laura Bowman,634,Bass Keys,Lake Amy,19502
Laura Ewing,635,Nicholas Viaduct,Rodriguezborough,67787
Sabrina Murray,636,Rodriguez Plain,West Dana,62003
Megan Richardson,637,Joyce Summit,Benjaminstad,09410
Danny Brown,638,Willie Terrace,North Connie,85510
John Robertson,639,Lopez Rue,East Laurenhaven,89203
Julie Hayes,640,Gerald Tunnel,Danielview,39901
Melissa Delacruz,641,White Ramp,Fischerstad,04961
Alexandria Sullivan,642,Hopkins Vista,North Kristin,87648
Monica Soto,643,Robles Plaza,North Debrahaven,35913
Andre Williams,644,Morrow Passage,South Sophia,30011
Sarah Martinez,645,Brandi Underpass,East Richardmouth,25391
Melissa Jarvis,646,Brewer Corners,Marshallton,05404
Kenneth Jacobs,647,Brown Creek,Powersmouth,71545
Dana Smith,648,Gibson Brook,East Thomasbury,13708
Melissa Abbott,649,Brandi Mountain,Serranotown,61090
Luke Ramirez,650,Sandra Squares,Samanthaberg,26822
Tammy Wright,651,Heather Street,Lake Heatherberg,31199
Courtney Davis,652,Sanchez Plain,Lewisfurt,23854
Joseph Kelly,653,Potts Squares,Port Patrickview,15804
Leonard Erickson,654,Jeremy Fort,Matthewville,59456
Julie Morton,655,Krueger Crest,Stewartmouth,47245
Angela Peterson,656,Rodriguez Land,Nancyburgh,40881
Sherry Lopez,657,Thomas Gardens,Thomashaven,13468
Jesus Lawson,658,David Club,Marquezview,86323
Christopher Hall,659,Strickland Bridge,New Katherineview,53871
Joyce Manning MD,660,Simmons Cape,Lake Christopher,49287
Nicholas Sanchez,661,Lopez Divide,Lake Courtney,25670
Nicholas Weeks,662,Colon Camp,Stephaniemouth,21248
Alexa Baker,663,Laura Glen,West Laurie,71656
Jacqueline Oliver,664,Wall Meadows,Bishopmouth,58828
Chad Reeves,665,Rita Crossroad,Grahamfurt,82641
Jessica Kelly,666,Pena Points,West Juanberg,67094
Daniel Williams,667,Daniels Burg,Lake Noahborough,10359
Sylvia Vazquez,668,Coleman Lane,Gibsonhaven,13234
William Keith,669,Garcia Skyway,West Nataliefort,50572
Scott Haynes,670,Lopez Canyon,North Debbie,29276
Renee West,671,Greene Island,West Erikaton,69466
Christy Myers,672,Andrade Fort,New Michelle,60144
Cynthia Holland,673,Leslie Station,Whitechester,52609
Savannah Strickland,674,Coleman Mount,Port Samanthastad,10618
Robert French,675,David Plain,Anthonyton,97409
Jeffrey Tanner,676,Marcus Estates,North John,16585
Mrs. Kimberly Wallace,677,Baker Forges,New Leroyview,11033
Monique Gray,678,Alyssa Cape,West Michelle,44030
Sherri Brown,679,Deborah Cape,Mcdanielfurt,83375
Frederick Simmons,680,Donald Canyon,Robinsonmouth,08353
Larry Gray,681,Ryan Pass,North Robinbury,71600
Mark Bray,682,Norris Orchard,West Amanda,28802
Megan Robinson,683,Nathaniel Brook,Port Monicaland,47269
David Hancock,684,Noah Green,Port Christopherchester,79124
Matthew Wong,685,Garcia Port,Bullockberg,47701
Dillon Miller,686,Darlene Ridges,Kathrynfurt,21203
James Mitchell,687,Smith Estate,Hooverberg,32159
Douglas Baker,688,Flores Light,Lake George,59837
Jack Black,689,Hughes Trace,East Alexanderside,72944
Mary Becker,690,Smith Manors,Harrisonmouth,14323
Nicholas Gibson,691,Robinson Haven,Darrenhaven,47315
Nicole Campbell,692,Haas Summit,Paulview,09818
Paul Rice,693,Karen Pike,Bentleystad,94290
Raymond Hicks,694,Mills Extension,West Michaelburgh,77028
Susan Warner,695,Melanie Circles,North Brittney,11937
Joseph Brandt,696,Richardson Rest,Danielberg,52731
Jason Wilcox,697,Gregory Parkways,Port Eric,42127
Lisa Medina,698,Jacqueline Passage,Shelleyburgh,37931
James Obrien,699,Wagner Mills,Melissaside,69930
Christina Greer,700,Jesse Bypass,West Connie,73919
Billy Norton,701,Mikayla Highway,Alyssafort,20341
Sabrina Miller,702,Garcia Garden,North Katherinemouth,02918
Denise Salinas,703,Buckley Forest,Lake Josestad,93500
Emily Warren,704,Joseph Ports,New Holly,92319
Matthew Smith,705,Abigail Cape,Farmerberg,57837
Daniel Harrington,706,Jamie Harbors,Jamieburgh,51143
Holly Palmer,707,Derek Cove,Morganberg,42542
Amanda Anthony,708,Kimberly Extension,Perrystad,94154
Gary Hayes,709,Brittany Vista,North Ryanton,06277
Shannon Ross,710,Kyle Crescent,Bakerville,96746
Donna Kaiser,711,Jeffrey Plains,Port Jessicaburgh,65710
Paul Lee,712,Padilla Valleys,Calhounmouth,34587
Gina Gilbert,713,Russell Shoal,Ginamouth,11348
Tammy Peterson,714,Marvin Groves,West Williamport,09800
Tiffany Adams,715,Natalie Tunnel,Shepardmouth,68451
Laura Butler,716,Timothy Village,Washingtonburgh,72549
Kaitlyn Woods,717,Scott Curve,East Kenneth,78483
Phillip Jones,718,Mendoza Ville,Joechester,47659
Thomas Williams,719,Brandon Club,Lake Shirley,60195
Adriana Black,720,Nunez Run,Reyesview,96226
Gina Hill,721,Jacob Shoals,West Jasonport,22774
Jessica Mitchell,722,Jones Drive,Garciaburgh,22629
Amy Warren,723,Mark Crossing,Torresborough,13697
Melissa Riley,724,Stephens Orchard,South Lauren,37885
Danny Johnson,725,Christopher Hills,Shawnhaven,90491
Timothy Gross,726,Rogers Square,North Nicholas,76334
Jason Patterson,727,Crawford Road,Christopherfurt,19118
Shelly Campbell,728,Miranda Harbor,West Alexandra,94478
Amanda Lewis,729,Teresa Point,Bellville,24766
Catherine Townsend,730,Nancy Knoll,East Joshuaport,14628
Spencer Conner,731,William Manors,Christopherview,05231
Michael Rodgers,732,Wanda Dam,South Jillianview,39979
Kara Martinez,733,Julie Flat,Lake Brittanystad,67506
Joanna Richardson,734,Mary Creek,New Heather,54030
Meghan Cain,735,Anthony Creek,Bellville,46761
Emily Obrien,736,Matthew Extensions,Port Juanstad,26849
Larry Wilson,737,Theodore Mews,Arnoldmouth,93924
John Mcguire,738,Kayla Street,East Adamhaven,66492
Nathaniel Anthony,739,Michael Plains,Lake Annebury,00767
Alexis Barnett,740,Smith Plains,Lake Matthew,46684
Jamie Thompson,741,Cooper Branch,Jefferyshire,21308
Hannah Chambers,742,Danielle Path,Michaelmouth,96784
Christopher Lang,743,Benjamin Track,Joseberg,57298
Christina Hall,744,Taylor Prairie,Hooperfort,29705
Glen Walters,745,Key Pike,Aprilmouth,42425
Janet Perry,746,Jodi Mission,Michelleview,12247
Amy Robinson,747,Michael Knolls,East Brianfort,15713
Anthony Jones,748,Angela Glens,East Brianstad,54985
Daniel Randolph,749,Lopez Rapids,Joneschester,38061
Rebecca Peterson,750,Carl Haven,Sandraview,28679
Jonathan Parker,751,Dixon View,Thompsonhaven,28474
Sarah Jackson,752,Mary Summit,Beverlyfort,77481
Connor Davis,753,Good Dale,Timothyborough,67990
Sarah Nunez,754,Wheeler Expressway,Kimberlyton,07186
Lee King,755,Pitts Port,Jonesberg,77039
Ellen Reed,756,Charles Club,North Brian,23266
Andrea Schneider,757,Shelby Spur,Chasebury,17123
Albert Miller,758,Shannon Rapids,West Sarah,56681
Allen Craig,759,Joel Roads,Jamesburgh,04560
Dawn Perez,760,Peter Isle,Patrickborough,73598
Angela Hobbs,761,Cooper Plains,New Ryanfort,61153
Cory Adkins,762,Johnson Lodge,Lake Jameschester,75566
Julia Smith,763,Kyle Locks,Port Danielchester,06209
Sarah Jordan,764,Ashley Point,North Michellestad,19750
Erik Gibson,765,Nina Village,Woodsburgh,62991
Patricia Frederick,766,Whitehead Inlet,Williamsland,65222
Tammy Gray,767,Guzman Junction,New Thomasfort,07316
Jerry Morales,768,Benjamin Route,South Kimberlymouth,25851
Dawn Gutierrez,769,Jones Mews,Williamsstad,98746
Jonathan Davis,770,Gonzalez Island,Seanland,35081
Rachel Moran,771,Caldwell Harbor,Banksside,13971
Tara Burns,772,Joseph Lake,Phillipschester,92467
Stephen Owen,773,Anderson Loaf,Masonberg,88686
James Harris,774,Shawn Camp,Knappchester,01070
Andrew Preston,775,Stephanie Estate,Garyville,53859
Jenny Perez,776,Eric River,Adamview,06239
Joanna Campbell,777,Adrian Springs,Millsmouth,61002
Stephen Phillips,778,Mark Loop,Christopherland,13029
Whitney Gibbs,779,Mitchell Land,Lake David,84309
Lauren Swanson,780,Cheryl Road,Joycemouth,36438
Michael Reed,781,Phillips Creek,Walkerborough,25772
Andrea Davis,782,Robert Crest,Alexanderview,34989
Christine Ortega,783,Robin Prairie,New David,63135
Jose Thompson,784,Reed Freeway,Garciamouth,55962
Philip Daniel,785,Robert Summit,Nicoleburgh,75071
Kimberly Diaz,786,Wilson Keys,Griffithborough,83658
Jeffrey Alvarez,787,Moore Forest,Port Dawn,90784
Christopher Dixon,788,Harris Mountains,Houstonchester,41741
James Smith,789,Lawrence Path,North Matthew,54369
Stanley Welch,790,Quinn Parkway,East Michaelland,92727
Jennifer Allen,791,Mark Ports,Port Sharonburgh,79870
Amy Taylor,792,Ashley Springs,Morganhaven,72279
Maxwell Smith,793,Hughes Way,Joshuaview,76485
Bobby Anderson,794,Ryan Ports,New Jessica,56424
Ryan Logan,795,Andrea Cliffs,Loristad,34012
Caitlyn Kelly,796,Leslie Bypass,Melissamouth,07463
Cassandra Bowman,797,Lisa Via,Greenport,98522
Katherine Rush,798,William Spurs,Kimberlymouth,03719
Rhonda Lee,799,Leonard Streets,Herrerahaven,16025
Bryan Harris,800,Thompson Streets,Baileyport,15198
Ashley Moore,801,Thomas Haven,Reynoldsside,22876
Jose Boyer,802,Sean Isle,Clintonport,24204
Shane Cook,803,Scott Light,Laurafurt,76711
Susan Mclaughlin,804,Bianca Street,Sandrabury,35763
Marcia Williams,805,Lester Locks,Ritaville,05211
Daniel Cooper,806,Frederick Prairie,Samanthaview,27000
Cory Stokes,807,Mario Summit,Port Travis,47970
Nichole Baker,808,Tracey Hills,Lake Elizabethstad,51679
James Aguilar,809,Mckenzie Plains,Toniville,74562
Joshua Austin,810,Harris Meadow,Michaelbury,57472
Gregory Garcia,811,Spence Junction,South Davidtown,54224
Peggy White,812,Bonnie Hills,Lake Nathan,75230
Philip Johnson,813,Cruz Spring,Port Kerryton,47076
Mrs. Rebecca Taylor,814,Mccarthy Village,Elizabethview,42350
Kayla Cervantes,815,Matthew Cliff,West Kimberly,65237
Mary Key,816,Edwards Mission,Port Stephanieberg,68144
Mr. Scott Alexander II,817,Goodwin Hill,West Gregorystad,17583
Rhonda Olson,818,Christensen Islands,Nicholastown,77672
Steven Guzman,819,Murphy Cliff,North Brucefort,23585
Mr. Timothy Johnson,820,Garcia Glen,Jasonville,93729
Jeffrey Rogers,821,Margaret Rue,Marymouth,11574
Amber Greene,822,John Junction,North Cindytown,48642
Teresa Ward,823,Madeline Shores,North Monicamouth,79104
Jacob Martin,824,Burke Shores,Rachelhaven,52365
Kristina Nicholson,825,Graves Ford,Matthewshire,45555
Timothy Campbell,826,Kelly Inlet,Jacksonbury,23099
Crystal Lester,827,Justin Wells,South David,58447
Angela Arroyo,828,Kristin Parkway,South Jennifer,43377
Heather Trevino,829,Steven Fall,Kaitlynshire,68741
Edgar Robertson,830,Green Forge,New Amber,73101
Kayla Morrison,831,Kristina Streets,Port Debramouth,58613
Angela Hardy,832,Jennifer Route,Port Philipshire,46719
Tina Hernandez,833,Zimmerman Street,Lake Jeremy,24778
Cynthia Peterson,834,Michael Village,Carterport,87843
Jose Conway,835,Karen Garden,South Victoriaborough,18795
Chad Cole,836,Harry Tunnel,Port Omarland,66739
James Campbell,837,Wayne Hills,Perryfurt,17438
Kimberly Thompson,838,Stacey Viaduct,Jocelynborough,78513
Justin Newton,839,Michael Ford,Lake Kathyton,01500
Rebecca Curry,840,Walls Glen,Port Desiree,92223
Chelsea Tran,841,Mcbride Valleys,Annefurt,12316
Guy Roberts,842,Myers Crossing,Lindseyhaven,20970
Alexander Jones,843,Dillon Port,Mendozahaven,73594
Alison Adkins,844,George Brook,South Johnview,36770
Amy Jackson,845,Roberts Inlet,West Alexis,47283
Ashley Fitzgerald,846,Sarah Point,East Joshuatown,29526
Debbie Reyes,847,James Hollow,Snydertown,14695
Christopher Robinson,848,Garcia Lodge,Ingramside,76006
Joseph Smith,849,Kayla Course,Bakerside,16923
Kimberly Stanley,850,Beth Unions,West Yvonneland,81081
Jennifer Smith,851,Brittany Mills,Perezchester,73562
Mrs. Tiffany Perez DVM,852,Hudson Lodge,Starkton,95011
Larry Cooper,853,Collier Row,Aprilland,18255
Carlos Wood,854,Jensen Route,West Emily,80800
Charlotte Ross,855,Jodi Light,New Stephen,12916
John Fleming,856,Martinez Prairie,Thomashaven,34364
Robin Day,857,Johnson Mills,Morganfort,80772
Michael Bates,858,Emily Fall,Carolstad,85454
William Newton,859,Diaz Squares,East Nicholas,75139
Joshua James,860,Garcia Freeway,New James,20017
Robert Patel,861,George Vista,Port Joyce,92587
Brian Burke,862,Colleen Lock,Byrdburgh,91668
Amanda Higgins,863,Mathis Roads,Kathrynmouth,14085
Christina Crane,864,Johnson Wall,Julieview,52227
Victoria Conner,865,Mccullough Turnpike,Wagnerport,55686
Alexandra Hooper,866,Cassandra Tunnel,Tammyland,65988
Christina Rodriguez,867,Castillo Skyway,North Carolhaven,05444
Matthew Hill,868,Williams Path,Pamelachester,57424
Daniel Holmes,869,Yoder Fork,New Matthewtown,03030
Keith Thomas,870,Howard Oval,North Zachary,99632
Matthew Martinez,871,Brandy Mountain,Carlosmouth,15853
Nathan Gonzalez,872,Julia Lodge,Port Robert,94417
Alexis Miller,873,Stevens Divide,South Jaredtown,30513
Christine Parker,874,Gonzales Forest,Davishaven,44434
Emily Cole,875,Lisa Walk,Chungport,82262
Nathan Terry,876,Debbie Ridges,Jennifertown,19284
John Weaver,877,Jose Street,Port Gregoryfurt,85193
Donald Howell,878,Young Harbors,South Sherifort,64257
Margaret Ray,879,Adams Valleys,New Allison,44685
Joseph Mckay,880,Shelton Cliffs,South Seth,87423
Ebony Ramirez,881,Dakota Expressway,South Jordanshire,50229
Jeffery Boone,882,Lisa Motorway,Edgarshire,83866
Thomas Campbell,883,Wallace Greens,Stevensmouth,46408
John Pierce,884,Ford Junction,West Annaborough,98859
Thomas Parsons,885,Steven Shore,Finleyton,76068
Stephanie Nichols,886,Jennifer Court,South Christinaport,26552
Terri Williams,887,Smith Stream,Destinyside,98988
Rachel Thomas,888,Glenda Points,Griffinstad,89223
Jessica Bartlett,889,Chapman Mills,West Derek,71368
Sarah Powell,890,Martinez Heights,Davidton,12756
Robert Conway,891,Anthony Islands,Smithstad,66548
Jacqueline Herman,892,Walker Corner,Valenciahaven,24016
Madison Haynes,893,Tammy Mission,Lake Lucasside,84467
Tina Rosario,894,Lopez Trafficway,Hernandezstad,42368
Jessica Love,895,Roman Valleys,South Carmen,83571
Jared Davis,896,Edwards Harbor,Susanton,11651
Glenn Kramer,897,Dana Crossroad,North Sara,18006
Rebecca Simmons,898,Anthony Cliffs,Walkerburgh,13456
Abigail White,899,Joshua Road,North Tyler,46526
Darlene Mcbride,900,Thomas Ways,New Rhonda,10289
Jeffrey Walker,901,Michael Heights,Arnoldbury,10109
Thomas Cooper,902,Monica Groves,Ortizview,39704
Paul Gutierrez,903,Stephen Center,Port Jimmyborough,46057
Sarah Rodriguez,904,Anthony Crossroad,Cortezstad,42688
Cheryl Garcia,905,Fox Circle,Castillobury,80211
Jackson Hudson,906,Megan Run,Reeveschester,60457
Debra Perkins,907,Hall Inlet,Nicoleburgh,85998
James Miller,908,Jeremiah Fords,Lake Monica,11188
Michael Cook,909,Price Coves,South Marymouth,21139
Shawn Jackson,910,Jason Ramp,Gregorymouth,21927
Lisa Wright,911,Gonzales Cliff,Port Lauriefurt,47603
Melissa Schneider,912,Hammond Cliffs,Coxfurt,44501
Joshua Archer,913,Danielle Mall,Kingside,37788
Gary Wagner,914,Stanley Walks,Richardmouth,31436
Katie Martin,915,Lisa Isle,South Jackville,32529
Shannon Hill,916,King Shoals,Port Anne,11119
Stacey Burns,917,Ashley Lakes,Laurenborough,82903
Stephen Glenn,918,Miller Avenue,New Amanda,08724
Scott Jones,919,James Isle,Haleychester,03024
Jason Garcia,920,Allen Lakes,North Mark,64513
Janice Patterson,921,Kevin Walk,Port Toddton,74792
Kim Andrews,922,Page Mount,Jensenview,70199
Jocelyn Perez,923,Devin Mountain,East Joseph,86445
Brittany Bennett,924,Meyer Vista,Johnsonshire,94394
David Crane,925,Jason Light,Savannahshire,16516
Mackenzie Keller,926,Robert Camp,Kiaraview,79190
Nicholas Bailey,927,Justin Summit,Galvanfort,42374
Steve Ross PhD,928,Larry Centers,Sullivanborough,11060
Sarah Reyes,929,James Pass,Christinashire,41400
Matthew Carlson,930,Henry Freeway,Thompsonberg,01259
Jacob Wade,931,Kendra Lodge,West Paulahaven,19105
Michele Palmer,932,Chelsea Prairie,Lake Jason,59695
Gerald Mercado,933,Gutierrez Mountain,Ivanmouth,53779
David Glenn,934,Steven Wall,Lake Richard,51438
Gregory Hopkins,935,Nicole Summit,West Brittany,63013
Ashley Taylor,936,Jennifer Plain,East Shannon,24700
Lisa Smith,937,Anthony Vista,West Toni,13465
Johnathan Mcdaniel,938,Michael Dam,Cortezstad,26087
Jason Rose,939,Smith Forest,East Ruben,49819
Bobby Schultz,940,Robert Extension,Valeriemouth,10159
Brenda Mcmillan,941,Powell Views,New Rachelchester,07066
Elizabeth Fischer,942,Strong Brooks,East Ronald,13451
Isaac Adams,943,Julie Curve,Morganhaven,79046
Ashley Mann,944,Richard Trafficway,Robertville,06596
Terri Smith,945,Timothy Meadows,Kevinberg,79120
Richard Cervantes,946,Nichols Spurs,New Felicia,87916
Brandon Allen,947,Frank Gateway,South Kristifort,27751
Cheryl Phillips,948,Allison Expressway,Marcoberg,67553
Christina Smith,949,Bryce Trace,Jimeneztown,31439
Angela Byrd,950,Greene Haven,West Breannaberg,92475
Brett Walker,951,Buckley Union,West Jessica,73289
Sandra Ortiz,952,John Via,North Austinville,01900
Joseph James,953,Kane Dam,North Lisaborough,82669
Gordon Cruz,954,Natalie Bridge,Port Bianca,92547
Jacob Smith,955,Brian Club,West Stephanieview,89634
Denise Jones,956,Victoria Ways,New Nataliebury,42469
Oscar David,957,Patrick Prairie,Danaport,22610
Jennifer Austin,958,Horton Parkways,South Brucestad,39910
Matthew Johnson,959,Chad Corner,South James,90700
Rhonda Brock,960,Natalie Ranch,Port Kevinland,96843
David Johnston,961,Myers Plaza,Ryanside,56341
Desiree Taylor,962,Frank Forks,Justinfort,09731
Jennifer Gonzalez,963,Howell Loop,West Randy,38278
Angela Avila MD,964,Susan View,Mollyberg,57351
Deborah Walker,965,Heather Trail,Johnstonmouth,60847
Traci Stafford,966,Barnett Spring,East Lisa,08125
Shannon Rodriguez DDS,967,Cooper Drives,Lake Carlchester,35416
John Lane,968,Hicks Trail,East Clarence,16093
Amanda Rodriguez,969,Regina Tunnel,West Melissaton,74315
Sandra Bridges,970,Martin Harbors,Lewisfort,09060
Courtney Cox,971,Patrick Loaf,Flynnport,43533
Ralph Williams,972,Hicks Way,East Jimmyview,43464
Kari Espinoza,973,Mclaughlin Plains,Elliottbury,41610
Justin Nguyen,974,Anthony Courts,Samanthaberg,08737
Joe King,975,Amber Rapids,Russoport,80784
Thomas Gay,976,Vincent Orchard,Lake Kaylaville,67040
Steve Webb,977,Crystal Wall,Ambertown,01207
Lauren Perkins,978,Casey Parkways,Amberburgh,86173
Sarah Jones,979,Theresa Valleys,North Ronaldfort,98132
Carl Hughes,980,Jon Cliff,Newmanbury,56206
Stephanie Ray,981,Barr Heights,Thomashaven,41877
Michael Smith,982,Rojas Dale,Lake Craigview,95943
Jessica Zamora,983,Austin Roads,New Jessica,88107
Jennifer Byrd,984,Cobb Square,Nealton,25929
Joseph Henderson,985,Rosario Squares,Lake Charlesborough,24270
Anne Mcbride,986,Smith Overpass,Lake Ashley,45090
Cindy Lloyd,987,Robert Turnpike,West Samuelmouth,42893
Mary Huerta,988,Matthew Ferry,Lancemouth,83294
Michelle Garcia,989,Roberta Circle,Jenniferville,60221
Danny Hines,990,Hoffman Stravenue,Stevenland,58670
Ashley Collins,991,Davis Groves,Port Cody,64103
Jennifer Blankenship,992,Kathy Spurs,Lake Stacy,79681
Derrick Baldwin,993,Keith Drive,Bankston,05380
Tyler Jenkins,994,Beverly Loaf,North Amandaview,49995
Jill Bautista,995,Harris Center,Owenland,77903
Sheila Reeves,996,Ian Falls,West Kennethfort,81135
Tara Williamson,997,Gutierrez Parks,Fryebury,29086
Kyle Jennings,998,Phillips Glen,North Rickystad,69068
Stacy Miller,999,Riley Manors,Mcculloughland,69879
Michael Baker,1000,David Knoll,Mooreside,51664
Matthew Lee,1001,Joseph Point,North Robert,96519
